idA,name
a57218202833,Gautam A 
a7004904337,Crandall J W 
a7005513246,Goodrich M A 
a6508306234,de Moura Oliveira P B 
a9277159100,Hedengren J D 
a6507358470,Boaventura-Cunha J 
a53879700900,Hajimirzaie S M 
a26642910500,Hotchkiss R H 
a57204031131,Bunnell S 
a6602649851,Gorrell S 
a56830076500,Salmon J 
a57204029674,Thelin C 
a57204032253,Ruoti C 
a57217149830,Richardson M 
a57217149403,Cannon S 
a57217145377,Teichert L 
a57217146534,Vance A 
a57217147399,Kramer I 
a57217147006,Barter M 
a57210571665,King J 
a55611356500,Callahan C 
a57218886193,Stanković A M 
a57210260262,Sarić A A 
a6701777223,Sarić A T 
a8448666000,Transtrum M K 
a36149254500,Hackney D 
a57191155872,Goode T 
a56681156600,Seng F 
a35088650000,Pankow M 
a7201741468,Schultz S 
a7402786794,Peters K 
a57191822951,Coburn J 
a57188654880,Freeman I 
a57192247939,Švenda V G 
a57218593962,Walker Z 
a57218593446,Wells T 
a57218591162,Lay K 
a57201772566,Sampad M J N 
a16422844400,Schmidt H 
a7102975249,Hawkins A 
a57193338296,Wu F 
a57194692502,Zhou Z 
a57202017958,Temizel-Sekeryan S 
a57205128747,Ghamkhar R 
a55829396600,Hicks A L 
a57201634652,Larsen B 
a57218685929,Hunt J 
a18535712500,Hovanski Y 
a56248593800,Peterson C K 
a10640480600,Casbeer D W 
a24923036100,Manyam S G 
a7201675107,Rasmussen S 
a56330168500,Zou Z 
a9942259800,Scott M A 
a57201257192,Miao D 
a56260937200,Bischoff M 
a57081918700,Oesterle B 
a55487415500,Dornisch W 
a7202083837,Rice M 
a57210290270,Clark B 
a57210288045,Flanary D 
a57210287166,Jensen B 
a57211254337,Nelson N 
a57210292389,Norman K 
a57218761022,Perrins E 
a35147940600,Harrison W K 
a57201912667,Hendricks L J 
a7202282831,Baxter J S 
a57218107757,Chou Y 
a57198832579,Thomas M 
a57218097969,Boekweg E 
a7003302831,Guthrie W S 
a16066928300,Mazzeo B A 
a57213342768,Gardner J W 
a56584019300,Mulford R B 
a57217581937,Salt S D 
a57214937519,Hyatt L P 
a57217581770,Meaker K S 
a55542008600,Dwivedi V H 
a56714263700,Jones M R 
a8608718200,Iverson B D 
a17341858700,Chowdhury S 
a42062742100,Zhuang H 
a55802018400,Coleman S 
a36515506800,Patala S 
a56735940800,Bair J 
a57194874146,Lu W 
a8935141300,Cao Q 
a57194231165,Xu B 
a6601976036,Adidharma H 
a35547089300,Gasem K 
a7004479819,Argyle M 
a55413647400,Zhang F 
a55739722900,Zhang Y 
a7201970805,Fan M 
a57217041570,Webb D 
a57200117690,Song Y 
a57207689986,Rozsa J 
a57200699937,Gustafson E 
a7202316035,Austin D E 
a35209941000,Chiang S -H W 
a57219312906,Lam S -H 
a57215534774,Brewer E 
a35303536900,Ng Y -K 
a57216811262,Erickson H C 
a8705255200,Homer E R 
a57218879246,Huang J -S 
a57218883196,Huang Y -C 
a57218883472,Kao C -W 
a57218875152,Hsu C -W 
a36444802300,Chen C -H 
a7402967162,Wallace J W 
a56196521900,Mahmood A 
a35597296700,Jensen M A 
a55649569259,Mehmood R 
a55849071700,Koch D P 
a57190404271,Wheeler D O 
a35562442700,Beard R W 
a7006542177,McLain T W 
a36668159600,Brink K M 
a57200206301,Amini E 
a57190131647,Babaei A 
a35612908400,Mehrnia M R 
a8208300700,Shayegan J 
a57192643299,Safdari M -S 
a57215136260,Weaver B P 
a56442655200,Kaufeld K 
a55827824100,Warr R 
a57197773578,Pack A T 
a57204761536,Phipps E R 
a7004300863,Mattson C A 
a8421746800,Dahlin E C 
a57203660684,White J H 
a57218095797,Clark R 
a57218102993,Dickinson T 
a57218105310,Loaiza J 
a57197795830,Geiger D W 
a14033673100,Charles S K 
a57205285411,Rose M T 
a57205288709,Pielstick B D 
a57205293533,Jones Z T 
a6701746882,Sommerfeldt S D 
a10141271600,Gee K L 
a7202277096,Thomson S L 
a6701720294,Magleby S P 
a57211516485,Howell L L 
a57200077532,Willis J 
a55613237293,Johnson J 
a57208246750,Libano F 
a57206834042,Wilson B 
a7003292762,Wirthlin M 
a19638969800,Rech P 
a55301279200,Brunhaver J 
a7402258065,Lawson J 
a36987999600,Afran M S 
a7003868048,Saquib M 
a57190402922,Ellingson G 
a9535406000,Sansom R L 
a56703308500,Bodily R 
a57216531463,Bates C O 
a23050937200,Leary H 
a57199050938,Small K A 
a57211158470,Clayburn Z 
a57195286623,DeMott R 
a35790633100,Primig S 
a12142543700,Fullwood D 
a8715877100,Taheri M L 
a57209474608,McLeod A R 
a12445208100,Bruening D 
a35868117400,Johnson A W 
a57209473859,Ward J 
a35867849600,Hunter I 
a8929123100,Camacho R M 
a57215607275,Fish D 
a57215609504,Simmons M 
a57200118993,Awerkamp P 
a57215613881,Anderson R 
a57215598228,Carlson S 
a57211987837,Laney J 
a57209538650,Viglione M 
a7005636820,Nordin G P 
a57202910818,Knighton B E 
a55213245300,Nielson M 
a57211642778,Hardy R T 
a57196372172,Alejandro A 
a57208225620,Rawlings L 
a57209824884,Johnson J A 
a6701646284,Peatross J 
a57216751001,Atkinson N 
a57216748895,Hodge D 
a36913263000,Pratt B 
a57217283178,Romero M 
a57216749286,Schulzke C 
a7005357023,Ware M 
a57192943554,Ottosson H J 
a56709287700,Hamilton E S 
a7003772744,Crane N B 
a57195970826,Aryal B R 
a57203943386,Ranasinghe D R 
a57193834529,Westover T R 
a57203942414,Calvopiña D G 
a7410190129,Davis R C 
a7007046711,Harb J N 
a7006111578,Woolley A T 
a56371366400,Fujimoto M S 
a57202818911,Lyman C A 
a7102523474,Clement M J 
a7003927879,Bunimovich L 
a57217245563,Passey D J 
a57198519795,Smith D 
a55100119300,Webb B 
a39861044100,Borden M J 
a36708895400,Thomas D C 
a57210419894,Yu M 
a14059209700,Zhang D 
a7406665619,Lee D -J 
a7201793184,Desai A 
a56692412900,Gunnarsson A 
a57211105311,Andersson K 
a7202518970,Adams B R 
a12445742400,Fredriksson C 
a57218836048,Peters W 
a57194504247,Jones T 
a7202040335,Efimov A 
a14631026900,Pedersoli E 
a55159798000,Foglia L 
a54941111500,Mincigrucci R 
a55258876800,Nikolov I 
a7006038251,Trebino R 
a20735824800,Sandberg R 
a55846910700,Danailov M 
a6602657620,Capotondi F 
a14033765300,Bencivenga F 
a13005462200,Bowlan P 
a55770396700,Frazer D 
a23099630500,Hosemann P 
a57215680724,Warr C 
a57205652801,Valdoz J C 
a57195427378,Bickham B P 
a57215684781,Knight C J 
a57215687139,Franks N A 
a57215697686,Chartrand N 
a56251876800,Van Ry P M 
a7202687601,Christensen K A 
a56514586700,Cook A D 
a57197765353,Stevenson P D 
a57188681207,Hyatt P 
a36349287300,Killpack M D 
a57189235340,Keller A 
a55547123342,Anderson J 
a25639041400,Wen S -J 
a55967471000,Fung R 
a57218221803,Chambers C 
a56387524600,Ganjalizadeh V 
a57202735625,Wright J G 
a7003381644,Warnick K F 
a6701834327,Selvan K T 
a57202445593,Fistler M 
a7004609408,Kerstein A 
a8660143800,Lignell D O 
a6506736843,Oevermann M 
a6507359986,Shamsabadi A 
a57214365851,Schwicht D E W 
a57212088299,Dasmeh A 
a7003663333,Rollins K M 
a6602889035,Taciroglu E 
a57216181629,Manandhar K 
a36245410800,Ren Y 
a57191110417,Stasak D 
a56622088300,Hou H 
a57195921912,Kirsch D 
a57215904613,Sarker S 
a7402756644,Mehta A 
a57217317667,Sardar S 
a57195591421,Xiao M 
a57217789464,Weaver J L 
a57216183270,León C 
a57207901363,Hart G 
a34873697600,Sunaoshi T 
a56767836200,Lemmon J P 
a7102900497,Takeuchi I 
a57196422740,Howell R G 
a7403518015,Jensen R R 
a36852156000,Petersen S L 
a16245238300,Larsen R T 
a57202776341,Bahari M 
a57212879455,Malmberg M A 
a57212877661,Brown D M 
a57212877401,Hadi Nazari S 
a35262249500,Lewis R S 
a7102405529,Watt G D 
a57212107391,Petrie A 
a57216754583,Kinnison W 
a8342785400,Layton K 
a57190228554,Taysom B S 
a7102879142,Sorensen C D 
a57211891331,Guo Z 
a57199244740,Zhang M 
a57204433875,Simons T 
a57215212754,Fuller S G 
a57215211789,McCown A S 
a57214076898,Clayton M F 
a57198146081,Bilodeau R A 
a7006441571,Bowden A E 
a57191873151,Ziaee M 
a57216430816,Mahmood A 
a55971908500,Jin M 
a54415193700,Zhu B 
a56489679500,Mo J 
a55522618700,Yang Z 
a55864283000,Zhang X 
a57209110872,Wu R 
a57206455220,Beutler J 
a7103248108,Baxter L L 
a57191108291,Morgan W S 
a57212383793,Christensen J E 
a57212379321,Hamilton P K 
a57202904399,Jorgensen J J 
a7403279876,Campbell B J 
a6507391043,Forcade R W 
a57196261400,Kunzler J W 
a57214229367,Bartschi J M 
a57214855898,Schnepf P D 
a57215031057,Davis A 
a6701610428,Vanfleet R 
a7403218372,Jensen B D 
a57200515115,Kurniawan C 
a57194698845,Baird S 
a35409277700,Johnson O K 
a57193749678,Searle M 
a55457444300,Crockett J 
a6701863708,Maynes D 
a57201666213,Park J L 
a55694540600,Canizales K A 
a7003545107,Woodfield B F 
a13406135400,Stowers K J 
a57203017789,Smiley A J 
a6701609778,Plett G L 
a7005052477,Godfrey P C 
a8750608700,Allen G N 
a57214071214,Benson D 
a57193518829,Hansen L T 
a7006583274,Wagoner R H 
a55359526600,Lim H 
a56911636200,Carroll J D 
a55272011900,Zhou G 
a57203486012,Bong H J 
a57202293242,Ogbeibu S 
a57203024588,Emelifeonwu J 
a57160053200,Senadjki A 
a36006215900,Gaskin J 
a55944615300,Kaivo-oja J 
a57191995369,Chen K 
a57195515828,Horne R R 
a57211443769,Rich J T 
a57211435896,Bradley M W 
a7005408810,Pitt W G 
a56685601500,Wnorowska U 
a16549438300,Fiedoruk K 
a56685789300,Piktel E 
a57212757453,Prasad S V 
a57212871890,Sulik M 
a57215487696,Janion M 
a16548815300,Daniluk T 
a7202875039,Savage P B 
a6701383359,Bucki R 
a57191570988,Orme A D 
a57201357657,Soderquist D R 
a57210289242,Greenwood J R 
a57192710054,Butler J J 
a57219015425,Lystrup C 
a55813139600,George A 
a57203836305,Zobell B 
a57219009389,Boster K 
a57219005376,Childs C 
a57219006078,Girod H 
a57218481091,Ploeg S 
a57217024741,Gunther H 
a57218482479,Camacho R 
a34873482400,Skaggs P 
a6507317548,Fulda N 
a54781821400,Stout J M 
a57215052018,Baumgarten T E 
a57215058041,Stagg G G 
a56957771800,Cannon M J 
a57204469757,Perez-Celis A 
a57188691775,Best C M 
a57188173800,Rupert L 
a57202579348,Ong J 
a57214718289,Richards D 
a57193706327,Larsen J L 
a57193715705,McElderry J 
a57188833818,Pehrson N A 
a57209881955,Ames D C 
a57212345817,Ignaut B 
a57218689472,Broyles Z 
a57218687826,Talbot S 
a57218685971,Johnson J 
a7006533953,Halverson D M 
a57209889565,Smith S P 
a56045493000,Arya M 
a57217866402,Adamson M 
a8244752200,Schultz G G 
a55727966500,Saito M 
a57217871738,Stevens M D 
a57218270296,Pearce W 
a57218269408,Landers N 
a56215007300,Francom D 
a50162863000,Walters D J 
a55422614200,Barber J L 
a6603288835,Luscher D J 
a13405030000,Lawrence E 
a55904183100,Biswas A 
a55279219900,Biwer C M 
a57211205845,Banesh D 
a38662818500,Lazarz J 
a57203219105,Vogel S C 
a14059027500,Ramos K 
a6505524737,Bolme C 
a7103004161,Ahrens J 
a57202612841,Willey L C 
a36499438800,Garcia E 
a55860312700,Von Moll A 
a57201618074,Trapuzzano M 
a6506325894,Tejada-Martínez A 
a8608764300,Guldiken R 
a57204470823,Thurlow C A 
a57211518929,Gregg J F 
a56036628100,Anderson B E 
a16033650300,Remillieux M C 
a57195804520,Bilancia P 
a24483038000,Berselli G 
a57189375802,Park J 
a57212455523,Price C 
a6603286802,Pixton D 
a57023931200,Aghito M 
a24830555500,Nybø R 
a6602776615,Bjørkevoll K 
a56857577200,Leete K M 
a16643231700,Liu J 
a55359090100,Wall A T 
a57217872286,Galvez de Leon P 
a57217867341,Shahandashti S K F 
a36893877000,Chamberlin R 
a57189218211,Liu L 
a48361087900,Diao J 
a7005241866,Eckhardt B 
a7006815587,Doering C R 
a36154754400,Whitehead J P 
a57193226888,Huang Z 
a57216966389,Du X 
a57208015963,Chen L 
a57193230951,Li Y 
a56584993700,Liu M 
a55367023500,Chou Y 
a7403329173,Jin L 
a57204964732,James B 
a12544690900,Quinn H 
a54978625300,Goeders J 
a57201759181,Ling M 
a16548784600,Cao J 
a8922674200,Chen G 
a55764938300,Wilson P S 
a6701550039,Knobles D P 
a6506328689,Neilsen T B 
a57201947722,Manring L 
a57209567638,Pederson J 
a57209581042,Potts D 
a55845968200,Boardman B 
a14831622300,Mascarenas D 
a12646372900,Harden T 
a55788214400,Cattaneo A 
a57219330558,Samuelson C R 
a57219332168,Duffy-Deno C A 
a57219327922,Whitworth C B 
a55220932600,Tippmann J D 
a56263319900,Qu Y 
a55436436900,Shu W 
a57218480110,Qiu L 
a7004688501,Kuan Y 
a7601550121,Chang J S 
a57201735120,Bopp D G 
a57216287696,Taylor E 
a57216287324,Le K 
a6506462706,Schima S 
a8357777200,Hummon M T 
a7004945584,Kitching J 
a9741060000,Kaoumi D 
a12143690400,Ohara Y 
a57208015244,Stuber Geesey M A 
a57052262900,Xi L 
a57204944822,Schoell R 
a7102369425,Bryan C R 
a6603460787,Enos D G 
a6603089864,Summa D A 
a12761902000,Ulrich T J 
a9279493200,Shayer Z 
a57194034271,Cabas A 
a53866135200,Beyzaei C 
a55315026400,Franke K 
a57216076371,Koehler R 
a56818839700,Pierce I 
a23570183200,Stuedlein A 
a57215823167,Yang Z 
a57216048774,Christie S 
a7202049689,Tucker A L 
a57207774891,Zheng S 
a7006410098,Bohn R E 
a56206655300,Sacchi C 
a55368982000,Schlegel C 
a56078804700,Rossi T 
a57216040137,Noble M 
a7102391180,Ruggieri M 
a7402406630,Cheung K -M 
a7004398165,Marchese M 
a6701655006,Granelli F 
a35103143500,Popescu V 
a57216037206,Rice M 
a7801550098,Murroni M 
a14832404400,Conci N 
a55559344500,Allen M 
a6701910642,Shahgholian H 
a56221719300,Hunt J P 
a57210161259,Zhao E L 
a57203181568,Soltani M 
a57212304730,Frei M 
a55458271500,Nelson J A D 
a56266132600,Bundy B C 
a57209399454,Fanning D T 
a9245406100,Oliphant K 
a57194053456,Goates C B 
a56968013300,Calton M F 
a6701723921,Copley D C 
a57202910211,Smith R 
a57196421757,Rosen J 
a24402340500,Ventura D 
a55645613600,Sisodia S M 
a55546296200,Bull D J 
a6603579157,Gamstedt E K 
a28167695400,Mavrogordato M N 
a57212950333,Spearing S M 
a55945437600,Taus M 
a7004277402,Rodin G J 
a55911870000,Hughes T J R 
a57215811083,Searle H 
a17434035200,Gomes M A C 
a24726409500,Vilela J P 
a57191862517,Nyshadham C 
a23091904000,Rupp M 
a57208341600,Bekker B 
a53878508900,Shapeev A V 
a56363360200,Mueller T 
a56148594700,Rosenbrock C W 
a6602577617,Csányi G 
a36176552000,Wingate D W 
a57189244450,Kamminga J W 
a57211332837,Jones M 
a8231832400,Seppi K 
a57192300416,Meratnia N 
a6701454416,Havinga P J M 
a57202064143,Johnston J D 
a57204597171,Cowger A E 
a57192662939,Graul R J 
a57210982957,Nash R 
a57204035623,Tueller J A 
a57196952707,Hendrickson N R 
a57196950804,Robinson D R 
a57213874106,Beard J D 
a7402658393,Weber K S 
a56680952700,Josephson C 
a7003498769,Perrins E 
a55588035200,Ruoti S 
a6601908155,Seamons K 
a56102505100,Paré P E 
a57191620725,Grimsman D 
a56819566000,Wilson A T 
a16178649400,Warnick S 
a35729129900,Miao X 
a53866006800,Chu H 
a56126031600,Liu H 
a36538565900,Yang Y 
a57210585829,Li X 
a57203978933,Sargent B 
a57212415946,Brown N 
a57205129154,Pires dos Santos R 
a7402370024,Dean D L 
a57203310052,Weaver J M 
a57193627694,Ashcraft C C 
a35175200200,Shaikh M T 
a6602198438,Ogles B 
a55948963100,Aldous P 
a7005411524,Mercer E 
a36459611200,Bingham E 
a7402074463,Edward Gibson G 
a34868168700,El Asmar M 
a57126129700,Hogstrom C 
a57218886153,Stankovic A M 
a57205617484,Francis B L 
a57215432728,Nuttall J R 
a56677251600,Nelson T G 
a57208598187,Avila A 
a7004307869,Herder J L 
a57205257595,Machekposhti D F 
a36503632200,Candia G 
a16481299700,Mayoral J M 
a56331558100,Wood C M 
a47962305800,Montgomery J 
a7101640734,Hutchinson T 
a55916448500,Morales-Velez A C 
a57200363612,Fagergren F 
a57212151348,Sypherd S 
a57212147414,Snow D 
a57212136375,Cunningham A 
a57200529047,Neff C 
a56112492400,Nussbaum J 
a57215653879,Gardiner C 
a18937960700,Zunino J L 
a57216187696,Newton M 
a25627506700,Craddock T J A 
a57210477807,Fletcher M 
a7005345401,Klimas N G 
a7005976828,Broderick G 
a57192067288,Johnson C L 
a57202855772,Moss C D 
a57212089454,Amin M N 
a57202116348,Hamblin M 
a56709476900,Meena G G 
a57205025235,Brown O 
a57202256915,Hanson R 
a57193755486,Wood R L 
a57002749600,Robison R 
a57208584595,Roundtree K A 
a35546747200,Adams J A 
a57003496300,Swindlehurst E 
a57212110613,Jensen H 
a57216244800,Chang M -C F 
a7409253428,Wu J -T 
a7404504014,Chang M -C F 
a57144864700,Chen Y -F 
a57194205673,Lin C -S 
a35078644900,Hong C -F 
a57204475222,Sun C 
a8208317300,Lin H -H 
a55797091700,Zhao W 
a57204783601,Yang X 
a57192945685,Hu R 
a56939117000,Liu C 
a56585491000,Xuan J 
a16308483700,Xu Y 
a57200214703,Li T 
a35311157900,Liu B -F 
a55972769000,Li Y 
a36483856300,Yang Y 
a57194027885,Zhang Y 
a55345299700,Huang B 
a56110251000,Mardkhe M K 
a57208682307,Corie T H 
a57201589125,Raven L A 
a24779209500,Fernandes T 
a56012631600,Wang T 
a56487893500,Sidhar H 
a7402648240,Mishra R S 
a57200884469,Upadhyay P 
a57203221999,Carlson B 
a6603570606,Shoemaker G 
a57203028829,Schultz S 
a56824897200,Nielsen J 
a57210916608,Wynn J S 
a57210911049,Bidstrup C C 
a57207008616,Moore J J 
a56315330500,Woodbury N 
a55858031100,Wood A E 
a57211493546,Wilson A E 
a57205881788,Baker M J 
a57214032187,Baker W H 
a57208524360,Hanks K N 
a26634229600,Richards P W 
a7005934389,Randall G C 
a57208823236,Hansen K R 
a57190605478,Jackson B 
a35508257500,Long D G 
a8321530600,Brodzik M J 
a7005709969,Hardman M A 
a57208255032,Badger J C 
a15848771600,Lang R J 
a57199980412,Guo C 
a55475654800,Zhao D 
a43961414900,Ridge S T 
a9041055700,Remund K 
a57191156976,Hammond A M 
a57209978209,Potokar E 
a57118455800,Liu F C 
a7401431037,Nelson T W 
a24401574900,McCracken S L 
a57201432287,Li X 
a7003498548,Sederberg T W 
a57207334294,Adams D W 
a26641352100,Saftner D A 
a23569552400,Farnsworth C B 
a36769181100,Retherford J 
a56976354400,Okeson T J 
a57209659294,Barrett B J 
a57209655847,Arce S 
a57204570329,Vernon C A 
a57210191104,Derricott J 
a57214009254,Peterson C 
a57217482839,Allen B C 
a57209640119,Ellingson J 
a57210919648,Jain P 
a57210912098,Farrell M 
a57206968876,Jackson J 
a57205198823,Hutchings N 
a57210927548,Dutson J 
a57210928665,Allen D 
a6602572190,Eggett D 
a57210914089,Akagi J 
a57203981655,Moon B 
a57210920448,Chen X 
a57202433366,Robles V D 
a56724258600,Khajah T 
a7801676127,Villamizar V 
a57194391871,Blackburn L 
a57189491950,Young A 
a57205348362,Rogers P 
a51461952600,Powell K 
a57216491948,Hershman R 
a57191587072,Chelladurai I 
a24295291100,Miles M P 
a23052031200,Niezgoda S 
a7004495126,Beyerlein I J 
a12778890800,Knezevic M 
a57194703295,Asimaki D 
a57144565100,Tepalcapa S 
a57189458176,Roman-de la Sancha A 
a24080990600,Montalva G 
a56323465700,Rojas-Nastrucci E A 
a57209274795,Griffin D 
a7102483892,Weller T M 
a57200208018,May D 
a36701008900,Aktas A 
a7201687754,Advani S G 
a7202401225,Berg D C 
a12805837100,Endruweit A 
a56257805000,Fauster E 
a7005067917,Lomov S V 
a7202417224,Long A 
a55927295500,Mitschang P 
a6508257901,Abaimov S 
a55931847400,Abliz D 
a7004092560,Akhatov I 
a56955794500,Ali M A 
a55778257800,Allen T D 
a6701664914,Bickerton S 
a24504209800,Bodaghi M 
a55247112800,Caglar B 
a57207841000,Caglar H 
a12780700500,Chiminelli A 
a7006236094,Correia N 
a16303239800,Cosson B 
a55315191100,Danzi M 
a57194063754,Dittmann J 
a6701501207,Ermanni P 
a24072733200,Francucci G 
a57192140261,Grishaev V 
a57207843958,Hancioglu M 
a57207841443,Kabachi M A 
a57207846799,Kind K 
a56473665600,Deléglise-Lagardère M 
a23977815400,Laspalas M 
a56308354900,Lebedev O V 
a36859700200,Lizaranzu M 
a26221155700,Liotier P -J 
a24385613600,Middendorf P 
a15081415200,Morán J 
a7408416878,Park C -H 
a11042527300,Pipes R B 
a56185388600,Pucci M F 
a57207844500,Raynal J 
a57189577432,Rodriguez E S 
a6602943081,Schledjewski R 
a57207842677,Schubnel R 
a39062078800,Sharp N 
a7101608513,Sims G 
a6602499334,Sozer E M 
a57202152216,Sousa P 
a57213372150,Thomas J 
a8555191500,Umer R 
a57195579636,Wijaya W 
a57207842193,Willenbacher B 
a57203836326,Yong A 
a55639502500,Zaremba S 
a6602168494,Ziegmann G 
a57209284973,Saleh A M 
a56221901100,Wilding K M 
a6507753128,Calve S 
a6504734319,Kinzer-Ursem T L 
a24759275600,McDonald J K 
a57207312334,Michela E 
a56709364700,Stott M A 
a57192981384,Davis H C 
a57190258899,Luc-Harkey B A 
a24333330300,Seeley M K 
a57189382200,Troy Blackburn J 
a57203250533,Pietrosimone B 
a57203957449,Teng J 
a55247719300,Jain A 
a56871132500,Stambaugh A 
a7402407628,Patterson J L 
a57210286057,Dryer Z 
a57210287346,Nickerl A 
a57210288854,Carreira M 
a57214559823,Monteiro T 
a6602749964,Gibby W 
a57205512220,Parish W 
a7102985794,Merrill R M 
a9739395200,Fernandez D 
a57202736299,Anderson C R 
a57205515588,Merchel E 
a57205514839,Parr R 
a57194392244,Hicks D 
a7006214218,Mehl M J 
a57194503011,Gossett E 
a9845705900,Toher C 
a7004929818,Levy O 
a57194379165,Hanson R M 
a6603325558,Curtarolo S 
a57191586637,Chatterjee S 
a57208184650,Chapman S C 
a57189294915,Major G H 
a6701755273,Lunt B M 
a55200909800,Harrison C R 
a7004234161,Linford M R 
a56330970800,Defigueiredo B P 
a57190247942,Tolman K A 
a57197791798,Crampton E 
a57191995887,Andersen J 
a57203240784,Dickinson L 
a57193574682,Heidbrink S 
a57208784903,Monson T 
a56417117600,O'Neill M 
a57203245208,Reese K 
a57208771517,Spendlove B 
a35621274900,Vaziripour E 
a55681652500,Wu J 
a7003445799,Zappala D 
a55855376400,Nysetvold T B 
a57126390100,Gagakuma E 
a57214523209,Thomas M 
a57205509268,Fronk Z 
a57208845618,Gross A 
a57205502574,Willmore D 
a57205849200,Arango A 
a57205504743,Higham C 
a57207222602,Nguyen V 
a57205501457,Lim H 
a57205504946,Kale V 
a57205502490,McMillan G 
a7004339080,Seegmiller R E 
a57200375892,Pierce J 
a57193720916,Gunter C 
a6701421652,Fourment L 
a57205270902,Mathis T 
a57209887692,Pinto T 
a57205763350,Forsgren B 
a7004435321,Fonseca F S 
a56781290700,Fortes E S 
a36055605700,Parsekian G A 
a16041305200,Camacho J S 
a57215322624,Stanley Fujimoto M 
a57204552603,Barton T J 
a57204551844,Linn J 
a57204547933,Jenkins D 
a57195217444,Smith R 
a57200690449,Arnold B T 
a57208717150,Lee A 
a57204091960,Allen Q S 
a56353116200,Allen J D 
a6603717022,Hatch N W 
a57210923446,Chen J 
a55652695700,Oh S K 
a57205329719,Nabulsi N 
a57199801999,Johnson H 
a57193242858,Wang W 
a7005512824,Ryou J -H 
a57205263313,Hogg S M 
a36953700600,Le Bas P -Y 
a23970286000,Bathe M 
a57194276793,Chrisey L A 
a57208827685,Herr D J C 
a7401703652,Lin Q 
a57202228997,Rasic D 
a54415129200,Zadegan R M 
a7005373645,Zhirnov V V 
a57202047395,Noronha D H 
a57193927413,Zhao R 
a26029526200,Luk W 
a7006799143,Wilton S J E 
a57203922639,Stubbs C J 
a57196487336,Sun W 
a16199522200,Cook D D 
a56985459400,Kraus D 
a57195343816,Sherrod V 
a57201722090,Day N 
a56237421600,Cowley A 
a55912340300,Vosughi A 
a57201864184,Johnson C 
a34874297000,Xue M 
a10639679200,Roy S 
a56854811600,Rich P J 
a55141781300,Hu H H 
a57190384916,Maestre J 
a7005253700,Pallares J 
a7004060735,Cuesta I 
a55413434100,Collins D H 
a57197733358,Janke D 
a57200390842,Monk A 
a8392459500,Hunter A 
a57200730892,Moore B A 
a53984647600,Mudunuru M 
a56806547100,Chau V 
a57201199846,Tchoua R 
a57201509548,Karra S 
a7006051256,O'Malley D 
a6505878659,Rougier E 
a8298784700,Viswanathan H 
a35747244700,Srinivasan G 
a57193565771,Leung H 
a16177635300,Dankers A 
a57207108623,Brodie M 
a57200290256,Tensmeyer C 
a57207112163,Ackerman W 
a7102270639,Martinez T 
a57205388766,Pettingill D 
a57205393448,Kurtz D 
a16313800700,Smalley D 
a55638504300,Youn C C 
a56798055200,Gates N S 
a57192697616,Moore K R 
a8621794000,Ning A 
a57215306633,Newcomb J E 
a57201367093,Unrau M A 
a57189445479,Sanchez D 
a55812232700,Munro T 
a57192955909,La A 
a55161739600,Howell B 
a57211281996,Siebert J 
a57211282830,Hill M 
a57204903122,Hazen G 
a57187178400,Morgan D 
a57211282935,Hamilton M 
a57216747100,Korimi M 
a57216739000,Adams M R 
a57212553003,Pham H 
a57200205435,Schroedter T L 
a57203241931,Smith T 
a57212168814,Armknecht J 
a57212172095,Cameron J 
a57205292526,Rogers W 
a57195066838,Neupane A 
a57212106357,Clinton R 
a57212103171,Whitehead J 
a57211214561,Seat M L 
a57211216470,Wyatt Clegg B 
a57212107036,Metro D 
a57212104751,Cockrell J 
a57212106857,Moffett T 
a57212104028,Bonner N 
a57204799155,Kincaid C J 
a57204803477,Vaterlaus A C 
a57204802622,Stanford N R 
a57219001134,Redd B 
a57218994430,Ebert J 
a57218994299,Twitchell A 
a57218995344,Long D G 
a36677010800,Briceño X 
a57204692730,Arabian F 
a56747516900,Warner W Y 
a56071519600,Wilson M E 
a57212342916,Ynchausti C 
a57212351695,Seymour K 
a57212342217,Sheffield J 
a57212343330,Armstrong A G 
a57212351059,Hunter J G 
a57212341630,Andrews D W 
a57212277900,Brown T 
a57188667076,Hope S 
a57200534297,Stringham B J 
a57214773567,Smith D O 
a57212271263,Naylor T A 
a57111140800,Martin R A 
a57197737083,Sadler J E 
a57205761514,Day R D 
a57205766759,Bronson P G 
a57205762398,Tovar J L 
a7004511126,Tree D R 
a57200687939,Tobiasson J R 
a57200688910,Egbert S C 
a57031187500,Gong H 
a57089497400,Johnson B I 
a57209912956,Avval T G 
a57209911428,Hodges G T 
a57211503118,Carver V 
a57211500187,Membreno K 
a7006120837,Allred D D 
a57209530205,Hooper K 
a57215116223,Baker N F 
a57191952713,Stanley A P J 
a57188658434,Thomas J J 
a36682113800,Dykes K 
a56245452300,Annoni J 
a35310092900,Fleming P 
a57214589312,Thorum A 
a57215007775,Page L 
a36126203400,Hua Z 
a7102843798,Hurley D 
a57214451592,Yayoglu Y E 
a6603114735,Gallant N D 
a8641604600,Toomey R 
a23027991800,List M G 
a7103035939,Rossiter J A 
a57212228353,Pope S A 
a7404957607,Jones B L 
a57203578595,Baptista A 
a57203572508,Carneiro A 
a55849943100,Lundgreen R 
a35338971800,Bai H 
a57207260622,Starick T 
a24336460200,Schmidt H 
a57195960835,Nittala S 
a57203300120,Howland S 
a13607032600,Jesiek B 
a57209399640,Tyler J 
a57212167791,Gatrell C 
a57209394752,Howard D 
a57211217749,Gibbons J D 
a57203661821,Lusk P C 
a46961076700,Glaab P C 
a7801515665,Glaab L J 
a57208012133,Wagstaff K B 
a57208012227,Black R 
a55698505100,Black J A 
a57203308821,Hueros R A R 
a55326143600,Parks J W 
a57212351859,Goodson M 
a7404766197,Anderson M 
a57212271159,Stapleton T 
a57205765859,Owens T 
a7201511283,Webb B W 
a6602191934,Solovjov V P 
a57193878725,André F 
a57210949030,Patterson C 
a7404901361,Kelly J D 
a57210375461,Ba Q 
a55861508600,Li X 
a56484754900,Cheng L 
a6506942267,Lofthouse V 
a6602562656,Bhamra T 
a57202112010,Downing T 
a57202120923,Anderson S 
a57193360481,Wright L 
a57205767010,Haskell M 
a57205762391,Bowman E 
a35435170000,Lingwall B N 
a55665473200,Youd T L 
a57204677450,Blonquist J 
a57204677555,Liang J H 
a57204472177,Rowberry H C 
a56530707600,Noyce S G 
a54790496100,Craighead H G 
a26427694400,Jolly S 
a57190256209,Datta B 
a57191107247,Parthiban V 
a55664291100,Michael Bove V 
a7202317282,Katayama I 
a57192070840,Kobayashi M 
a57201700890,Gubaev K 
a57195574701,Podryabinkin E V 
a57215333932,Khah F S 
a34868658300,Rybkowski Z K 
a57215305002,Ray Pentecost A 
a7410171017,Smith J P 
a57215336161,Muir R 
a57201360985,Terry J S 
a57212351343,Whitaker J 
a57194859276,Vaughn A B 
a15766049500,Swift S H 
a7202538835,Downing J M 
a15044701600,James M M 
a57203579114,Barreto D 
a57203573476,Carilho M 
a57203570620,Domschke V 
a57216989927,Tilahun L E 
a57211502145,Gabriel Richardson J 
a6507803480,Steven Turley R 
a24330327900,Vance A 
a55634592700,Eargle D 
a36713489900,Jenkins J L 
a35725132100,Brock Kirwan C 
a36986090000,Anderson B B 
a57193722976,Nascimento M R 
a7005521036,Roman H R 
a55557218000,Abut F 
a7102443026,Akay M F 
a7403558004,George J 
a56790117900,Yellowhorse A D 
a57193911152,Fernquest S 
a55780846900,Palmer A 
a57203303999,Gammer B 
a57217139231,Hirons E 
a14064679200,Kendrick B 
a7405891981,Taylor A 
a57201739935,De Berker H 
a6508339625,Bangerter N 
a57213262958,Carr A 
a6506674242,Glyn-Jones S 
a57191362366,Zimmerman T K 
a57194018623,Calvin J J 
a57205236255,Rosen P F 
a57194101278,Ross N L 
a35392647700,Navrotsky A 
a57204968964,Bohman M 
a57205645397,Anderson J 
a55353164900,Cazzaniga C 
a7101816954,Frost C 
a57200527971,Elston E 
a11440678000,Schrand A 
a24337245000,Arashida Y 
a56023819400,Yamashita G 
a10639240900,Matsubara E 
a11043349200,Ashida M 
a54782837300,Lübeck A 
a8048702500,Mohamad G 
a57207228809,Milani A S 
a13411176900,Gou Y 
a57205595555,Peterson S 
a9336961600,Stephens K K 
a16425686200,Hughes A 
a57217471535,Purohit H 
a56577741600,Sen U 
a55807316700,Chatterjee S 
a7102317656,Ganguly R 
a57200514682,Yu L 
a7003388995,Megaridis C M 
a16229559200,Banik J A 
a57207993531,Villa J M 
a56560118600,Ayoubi P 
a57214608701,Roxanne Hiltz S 
a55598006500,Imran M 
a23668489900,Plotnick L 
a15848894300,Power R 
a57209871741,Turoff M 
a35380198000,Sato Y 
a57200723881,Yan D 
a7401952672,Rodríguez E 
a35556946600,Bourassa M 
a7004590414,Chelton D 
a43261827400,Thomas Farrar J 
a55428435400,Perkovic-Martin D 
a7004611313,Samelson R 
a7004507225,Lemonnier D 
a57193568214,Coelho F 
a6506341914,Consalvi J -L 
a7005053199,Franca F 
a55671352500,Galtier M 
a22952048100,Nmira F 
a6507447149,Pastusek P 
a23012428800,Payette G 
a56642521500,Shor R 
a24780432200,Cayeux E 
a55233755100,Aarsnes U J 
a7801636116,Menand S 
a7101973402,Macpherson J 
a35368447500,Gandikota R 
a7801530241,Behounek M 
a56689651300,Harmer R 
a7005786977,Detournay E 
a7801609389,Illerhaus R 
a55922401500,Liu Y 
a57191525048,Allender E J 
a41262329300,Orgel C 
a57203758421,Almeida N V 
a57203801188,Cook J 
a57203805526,Ende J J 
a57202763603,Kamps O 
a56116155300,Mazrouei S 
a57203801050,Slezak T J 
a57199854443,Soini A -J 
a56979909000,Kring D A 
a57205650285,Leavitt J C 
a56698926600,Lee D S 
a55627591500,King M 
a57205652485,Evans W 
a57193683516,Rice W 
a57202192401,Kim K M 
a57203191415,Russell B D 
a57203142381,Emerson P 
a57204916397,Duffy C 
a57204916190,Prugue C 
a57204910117,Glew R 
a57198809206,Smith T 
a57204925116,Howell C 
a57204911023,Choi G 
a55303499100,Bowen L 
a56577817900,Wilcox E 
a57189623841,Shrager A 
a7003678761,Frecker M I 
a6602997992,von Lockette P 
a7202539045,Simpson T W 
a55710750200,Temple K 
a6508087756,Chalfant T 
a57207110219,Ernst D 
a57214580514,Kahn C 
a57204110218,McGhin R F  III
a56549581200,Kern E 
a55259726700,Jensen J L 
a55256673100,Holt E A 
a57202609763,Sowards J B 
a6508265156,Heath Ogden T 
a56433927200,West R E 
a7404022739,Cox J J 
a7003352704,Tikare V 
a7102280128,Kurata M 
a34976725300,Haut T 
a6602423274,Wingate B A 
a57198044407,Huang X 
a55736791400,Wang X 
a7601492574,Wang Y 
a57203572325,Zhu Y 
a57201742316,Feeman S M 
a56463982900,Clavijo C E 
a55764401200,Stevens K 
a6602549459,Chahal J S 
a6602123531,Ghorpade S R 
a57193089338,Frank I W 
a57201086222,Desrochers C 
a26634282400,Prinz G S 
a57204595191,Shah D 
a57204607180,Patel D I 
a56226072000,Roychowdhury T 
a7003631423,Rayner G B 
a57204596520,O’Toole N 
a7103236401,Baer D R 
a57195264521,Loiseau J 
a57204829124,Lim H 
a35239803700,Bergen B K 
a37086141200,Moss N D 
a8329346700,Alin F 
a55369699900,Ni Q 
a57204830739,Hastings A 
a57204825465,Jensen S 
a7006372151,Hutchings B 
a57203192064,Davis B R 
a57203188827,Ford H 
a55619678900,Safdarnejad S M 
a57202852104,Barnwell N V 
a57202852946,Tryon J E 
a57202860730,Sadler A L 
a56701619800,Ding S 
a8369472600,Das S R 
a57193322440,Brownlee B J 
a56376235200,Parate K 
a57202237979,Davis T M 
a56702333100,Stromberg L R 
a7401994123,Chan E K L 
a35336731800,Katz J 
a23388379100,Claussen J C 
a57204695840,Larmore G 
a57204695450,Perrinsy E 
a56490084100,Boyce P 
a57204693186,Harrisony W K 
a57188711588,Henrie A 
a57200118672,Codling J R 
a57164754700,Gneiting S 
a57200117120,Christensen J B 
a57200121629,Burdette M J 
a55523036500,Burgett J M 
a56287595000,Perrenoud A 
a56426567600,Schinn S -M 
a57200181918,Long E A 
a16197655400,Hess B C 
a56703039000,Loney D A 
a39362193900,Pevey K C 
a57197749025,McAlpin J T 
a57201022887,Nelsen B W 
a57217564448,Hargis B H 
a57213462935,Peterson J R 
a57205507684,Perego A 
a57205503531,Shelley M 
a57194047397,Olsen C R 
a57205500882,Perez L D 
a57205505883,Hogg H L 
a57212277009,Watt R K 
a35587077000,Colton J S 
a57190849274,Jiang Z 
a55235047300,Poornejad N 
a56515354700,Momtahan N 
a57194105863,Salehi A S M 
a56921113900,Scott D R 
a57044630300,Fronk C A 
a7005654753,Roeder B L 
a56701050600,Reynolds P R 
a57203184524,Cramer J 
a57201465968,Adams D 
a56248395300,Brown T 
a57203180153,Misha R 
a7005486887,Sachdev A 
a34874038200,Wright G A 
a57201366662,Collins N S 
a57201358872,Farnsworth M S 
a7202006620,Shen T -C 
a57194679331,Anderson C M 
a57194686620,Thompson S K 
a35791260000,Whitty K J 
a57198333909,Roy J 
a56666222000,Kumar A 
a7103392045,Choudhury D 
a56009607700,Chanda A 
a57200525944,Ruchti T 
a57214792802,Upchurch W 
a57216486642,Lee J H 
a57203661089,Millard J D 
a57203982016,Bean M 
a57203992542,Wood D 
a57203980122,Frandsen D 
a57203980107,Burrow D 
a57204553875,Jensen T D 
a57204546854,Bresciano K A 
a57204555914,Dallon E 
a57204555396,Stewart E 
a6507235629,Griffitts J 
a57195398251,McMurray J 
a57201484423,Olsen M 
a57194155925,Orfila M 
a35792700800,Yeung E 
a39062086200,Salva K T 
a55658283500,Lund J 
a57203575128,Baskota A 
a56897186700,Lansinger V B 
a57197726868,Medina J 
a56261172000,Klein M 
a57203731804,Johnson M H 
a57203372448,Rendon G T 
a57203247682,Reynolds J 
a57202927332,Witzeman J S 
a7202608915,Henderson P 
a57202921889,Welling A G 
a7801604567,Cosner R 
a54581173100,Kimmons R 
a57202810627,Carpenter J P 
a18042644100,Veletsianos G 
a55943223600,Krutka D G 
a57204434337,Galan A M 
a56556056000,Hinton D 
a57196465311,Cope M 
a56740595400,Villanueva I 
a56662711400,Campbell B D 
a56741048000,Raikes A C 
a56149906900,Jones S H 
a6603615600,Putney L G 
a57189843306,Zeng M 
a56078900600,Holler B J 
a15081035500,Milam S N 
a7402814790,Bauer J M 
a7101806481,Alcock C 
a15318992700,Bannister M T 
a6601908712,Bjoraker G L 
a8077103900,Bodewits D 
a6602183163,Bosh A S 
a7004295901,Buie M W 
a7004640341,Farnham T L 
a35772366400,Haghighipour N 
a8390181000,Hardersen P S 
a23004910700,Harris A W 
a7003793778,Hirata C M 
a8578022500,Hsieh H H 
a9241584700,Kelley M S P 
a15842178900,Knight M M 
a10939408000,Kramer E A 
a54789941300,Longobardo A 
a7006650428,Nixon C A 
a7006817766,Palomba E 
a25937446600,Protopapa S 
a55895275900,Quick L C 
a16043716000,Ragozzine D 
a12647140500,Reddy V 
a7402364894,Rhodes J D 
a7004387103,Rivkin A S 
a8891726500,Sarid G 
a57192430052,Sickafoose A A 
a7401892754,Simon A A 
a23020214400,Thomas C A 
a6603882082,Trilling D E 
a7402396019,West R A 
a57031532300,Beauchamp M J 
a57203305966,Goettel C 
a55171433700,Weidman J E 
a57193603847,Bateman T C 
a57203309361,Palma L 
a35191151900,Ward C J 
a26427435500,Warnick G M 
a57203301406,Call M S 
a36602439100,Davies R 
a23096760600,Zephirin T 
a57203306132,Kim M D 
a57190808464,Katz A 
a6507028828,Zoltowski C B 
a6701460244,Frezza S T 
a6602928070,Pears A N 
a23479472600,Exter M 
a7404006200,Wright S I 
a57202800731,Nowell M W 
a14833931300,Cluff S 
a36667397700,Song R 
a57200118442,Whitehead N 
a57202289360,Wood Chiang S -H 
a57202322450,Qian Z 
a57202323019,Wan J 
a56795914000,Liu W 
a57202321033,Li X 
a57202319101,Baradoy D 
a23003484200,Clarke K D 
a26321508500,Coughlin D R 
a7003587356,Carsley J E 
a56457856600,Poon T C 
a16315369500,Gao H 
a6507336034,Kvavle J 
a56532087700,Qaderi K 
a57202602903,Christensen C 
a57202612703,Vasquez D 
a36843900000,Dennis E L 
a8397084400,Wilde E A 
a6602089995,Newsome M R 
a6603684079,Scheibel R S 
a15521088300,Troyanskaya M 
a56585583100,Velez C 
a55449746800,Wade B S C 
a57190247414,Drennon A M 
a7005085503,York G E 
a35228854600,Bigler E D 
a6505936159,Abildskov T J 
a23487261200,Taylor B A 
a7005412154,Jaramillo C A 
a55946643000,Eapen B 
a6603354235,Belanger H 
a57192063650,Gupta V 
a8602381900,Morey R 
a55249658600,Haswell C 
a57207782220,Levin H S 
a23987692400,Hinds S R 
a24323203800,Walker W C 
a7403220237,Thompson P M 
a7103286989,Tate D F 
a55708105800,Pohl M B 
a56164575400,Takahashi K Z 
a35236338800,Barrios J A 
a55212512700,Stan N 
a56680505500,King R 
a35323710800,Chen G 
a57202045558,Dodson B 
a56165315000,Hedges D M 
a7003387464,Steffensen S C 
a26039464700,Puleo C 
a56747755300,Galligan C 
a7005612595,Ashe J 
a56386056100,Brivadis E 
a56755464700,Wanik D 
a7005523706,Anagnostou E 
a57031532600,Hartman B 
a57200497294,Layton T 
a57190794386,Bird E 
a57201980753,Merrell J 
a57190797086,Rosquist P 
a57201983321,Martineau A 
a56181255300,Balijepalli S K 
a24177939700,Barker B 
a6507412888,Humpherys J 
a57204229694,Lyng G 
a55652903800,Lytle J 
a57201724099,Penaloza J 
a24465525600,Santos V J 
a57203246058,Kim D 
a35994294500,Bryden K M 
a24758929200,Maccarty N A 
a57201645135,Stringer B J 
a57201646242,Shumway S B 
a57200335858,Holbrook M D 
a57217508772,Copeland C G 
a57201650328,Gosch A A 
a7102837693,Kück K 
a55736845400,Wang X 
a57139150400,Yuan J 
a7402422734,Fang S 
a57218886189,Stanković A M 
a57203179434,Yuksel M C 
a57213087387,Tas F M 
a57202320825,Linn J 
a57207470751,Johnson J 
a7005098852,Schuh C A 
a56896919700,Gallacher J R 
a57190371042,Ripa B 
a7202035366,Butler B W 
a7102857304,Fletcher T H 
a23003275100,Chen J Y C 
a6604032598,Kayen R 
a9733496700,Kokusho T 
a6602866368,Hazarika H 
a26640997500,Dashti S 
a57203180948,Calderon J R 
a57203180667,Franke T K 
a25522430900,Oettle N K 
a56244956300,Wham B 
a57203192812,Louis-Kayen G P 
a57203180452,Sitar R 
a57203185550,Louis-Kayen N M 
a57200686665,Smith A K 
a57200685059,Wilkerson J W 
a56425409300,Bush D B 
a6603410853,Knotts T A 
a56040243400,Jamal A -S 
a17136347400,Unnikrishnan V 
a57193027820,Jung J M 
a7409879911,Kim C 
a56029648000,Harrison R G 
a55130094700,Chetty V 
a57193356353,Eves K 
a57200371154,Olsen J 
a56331127200,Shumway D 
a35269204800,Hepworth A 
a57203433787,Alvarez E J 
a57201393186,McDonnell T 
a57201397713,Mehr J 
a57215366913,Perdue T 
a57215344746,Collett T 
a57213476529,Gong H 
a57205629789,Hayden S 
a57205285400,Nygaard E 
a57145797800,Jackson J S 
a36944158600,Durfee D S 
a57204896057,Cardall H 
a57204902069,Larsen A 
a23093686000,Fry R 
a57203179871,Browning J S 
a57207688964,Nelson K 
a57207687563,Dye S 
a57200077021,Holtom J 
a57200077390,Walton P 
a57207692990,Smith J 
a57207687950,Wallin N 
a57207688651,Averett T 
a57207695326,Killpack M 
a57207687041,Rice M 
a57207686191,Thompson R 
a57207685496,Hull T 
a57207687043,Rice M 
a57209637810,Lee E T 
a57204762755,Sellers A D 
a57204728159,Packer R 
a57204719691,Prawitt D G 
a57204719621,Porter D 
a57197733505,Whiting T A 
a57197728435,Sawyer K B 
a57190858572,Walton M P 
a57204435650,Laughlin E 
a57204415715,Howe L 
a57193610705,Talbot M 
a15833172400,Rajnarayan D 
a36618663400,Custer C H 
a57194636792,Dearden J 
a55916540700,Grames C 
a57196484337,Orr J 
a57207228951,Dillon P B 
a57193727615,Eixenberger J G 
a7402549729,Jensen D W 
a57202088821,Machanzi T 
a56300864300,Stone B R 
a57190492863,Wald M O 
a18042274300,Richey M C 
a7403368068,Campbell C 
a57202916476,Campbell A 
a7201389702,Hansen N 
a16245460000,Hopkins B 
a57202920062,Evans S 
a57202911672,Campbell E 
a6602761720,Cobos D 
a57202607598,Russell D N 
a57196353469,Ishimwe E 
a38061138100,Coffman R A 
a57202585105,Lopez J S 
a24081598300,Vera-Grunauer X 
a57202572948,Salvatierra G 
a55898266700,Leslie Youd T 
a57202580740,Error B M 
a8724084200,Bush W S 
a7403085570,Crawford D C 
a14621428300,Briggs F 
a8667231600,Freedman D 
a24382111400,Sloan C 
a46062451500,Szymanski R 
a57188755995,Josephson A J 
a7005044056,Linn R R 
a56560099200,Abraham Martin R 
a57202738247,Heiner B K 
a55502104200,Micah Downing J 
a57203330644,Vaugh A B 
a55848648600,Hales Swift S 
a56256103500,Reichman B 
a55252859600,Hwang J T 
a23012466600,Migliaccio M 
a35578707100,Heron M L 
a8533888200,Brower D 
a57207365951,Wilson J C 
a6603042352,High G 
a6506484066,Witherow K 
a56263632000,Shen W 
a56263145300,Yan K 
a7103222266,Lopes C V 
a15069700700,Riding K A 
a7005531426,Peterman R J 
a57203180502,Guthrie S 
a15843313300,Brueseke M 
a57203186135,Mosavi H 
a57203188461,Daily K 
a57203192544,Risovi-Hendrickson W 
a55182745600,Amoroso S 
a57195292516,Lusvardi C 
a19934211900,Monaco P 
a6603866674,Milana G 
a57202577089,Morales C 
a6505761847,Ledezma C 
a36125615300,Sáez E 
a36625254200,Hahn A 
a57201333744,Tamini A 
a35479684000,Das S K 
a56328064900,Putney L 
a57191616632,Zhang J 
a7202713087,Field D P 
a57202152391,Ruzindana M 
a7003609448,Jeffs B D 
a57197521815,Black R A 
a57201658993,Burnett M 
a7004347500,Pisano D J 
a7007155092,Lorimer D R 
a55286783200,Pingel N 
a57120014600,Rajwade K 
a6602913811,Prestage R M 
a55452524500,White S 
a57212833949,Simon B 
a57206024435,Hawkins L 
a6507270351,Shillue W 
a6602305778,Roshi D A 
a56218368600,Akamine M 
a55837442300,Okamoto K 
a7202751866,Teramoto S 
a6506010179,Okunuki T 
a35873737200,Tsutsumi S 
a37113017300,Savidis N 
a55919211300,Bove V M 
a57202785989,Lane S 
a56020026900,Clark M R 
a57202743127,Jafek B 
a36162907100,Eicholtz M 
a57202741808,Hendershott J 
a57007514800,Johnson C 
a8410729500,Bolme D 
a16043812000,Santos-Villalobos H 
a56244640900,Kovacevic A 
a57204902241,Tarnok Z 
a55543519800,Jagadeesh C 
a56237456900,Read M 
a57200649104,Horak P 
a57208645178,Leto A 
a56890778700,Seaman C H 
a56094587000,Kipp R M 
a56890178400,Tang H H 
a55806548500,Bentley N L 
a56890669600,Le S Q 
a36082483100,Baird G M 
a57217723923,Guillou J 
a50262207100,Lavadiya D N 
a6602335448,Fronk T 
a7006253705,Ban H 
a56797372300,Russell C S 
a57190380741,Bhat S K 
a7102402058,Kress J D 
a42261332500,Freeman C J 
a56397285100,Jiang Y 
a56542307500,Morgan J C 
a34168247900,Sahawneh L R 
a57194787481,Wikle J K 
a57203298908,Kaleo Roberts A 
a56380927900,Spencer J C 
a57189026693,Radzinski T 
a57202626673,Luna A 
a57202627167,Budd R 
a57202627912,Besendorfer J 
a57202627263,Hatch C 
a57202627050,Han J 
a16021781200,Gladstone R 
a7004403207,Folkman S 
a56631537800,Sgobba T 
a56528475200,Watts-Englert J 
a56182798800,Woods D D 
a7201529681,Patterson E S 
a55801905300,Dittemore G 
a55801836400,Bertels C 
a57201111301,Poussin H 
a57201111988,Rochas L 
a14620010300,Vallée T 
a8674222900,Bertrand R 
a12799657800,Haber J M 
a57003792300,Chen Y -F 
a24492691800,Wang K -A 
a57201290781,Rahman L O A 
a55601054600,Chung W -S 
a57207980336,Sanchez D G 
a57207994872,Tamashasky B 
a6602512004,Radebaugh J 
a35320703200,Ventra D 
a7402095346,Lorenz R D 
a7006106739,Farr T 
a7201778289,Kirk R 
a7201978585,Hayes A 
a54684688700,Malaska M J 
a57023282300,Birch S 
a55598549000,Liu Z Y -C 
a57210198577,Lunine J 
a7402288130,Barnes J 
a25958165500,Le Gall A 
a8362122100,Lopes R 
a6701580763,Stofan E 
a7203069877,Wall S 
a7003915889,Paillou P 
a55776361200,Villalon-Reina J E 
a37664688000,Ching C R K 
a57205556489,Kothapalli D 
a8691490200,Sun D 
a55628341300,Nir T 
a57201125120,Lin A 
a47461179000,Forsyth J K 
a25930868900,Kushan L 
a57194639611,Vajdi A 
a8717447000,Jalbrzikowski M 
a57194638369,Hansen L 
a55832864500,Jonas R K 
a6701774874,Van Amelsvoort T 
a55910450300,Bakker G 
a57207550410,Kates W R 
a6603383055,Antshel K M 
a9741422500,Fremont W 
a35236206700,Campbell L E 
a7005089148,McCabe K L 
a57202326782,Daly E 
a55979578600,Gudbrandsen M 
a7401764127,Murphy C 
a7404062227,Murphy D 
a7103269626,Craig M 
a7103321645,Emanuel B 
a7005251917,McDonald-Mcginn D 
a9745660700,Ruparel K 
a6507586174,Roalf D 
a7103065698,Gur R E 
a57203234366,Schmitt J E 
a7202910012,Simon T J 
a9236660300,Goodrich-Hunsaker N J 
a57195976340,Durdle C A 
a54899597300,Doherty J 
a57201121062,Cunningham A C 
a6701851503,Van Den Bree M 
a7102905437,Linden D E J 
a36044041500,Owen M 
a57202194800,Moss H 
a8517650500,Jahanshad N 
a6701387944,Bearden C E 
a57201212051,Sanders S 
a23060352300,Giraud-Carrier C 
a55258864700,Hogge J W 
a7005371369,Giles N F 
a7006085792,Rowley R L 
a55665625900,Wilding W V 
a24335536400,Martin S R 
a40561545600,Merrell A J 
a7006001488,Christensen W F 
a6701752452,Dromey C 
a57200248178,Black K M 
a57196000820,Ahmad W 
a57195995765,Yang Y 
a7004450337,Zumbrun K 
a7402004420,Campbell K S 
a6602231941,Amare N 
a57197730899,Kane E 
a7101816438,Manning A D 
a56810920600,Naidoo J S 
a55764744500,Aslani P 
a6603077820,Blotter J D 
a57217339723,Hoagland D 
a57140193000,Bustamante D 
a36011148100,Van Hoe B 
a56155127800,Oman K G 
a6506311950,Van Steenberge G 
a57196086981,Draper S R E 
a55981276700,Lawrence P B 
a57190261034,Billings W M 
a57196097542,Xiao Q 
a57196096093,Brown N P 
a57196088013,Bécar N A 
a57196086109,Matheson D J 
a57190252027,Stephens A R 
a55456759700,Price J L 
a57202280527,Brewer J 
a57202283319,Lee K 
a57198318094,Hollenbeck M 
a35195145200,Wamick K 
a57196275913,Cathey C 
a57196277369,Opra J 
a57211422454,Smith R 
a57192941583,Childs B R 
a6603945025,Christofferson J P 
a55249877500,Coombs D 
a57200860487,Bulloch R 
a57191256797,Chang D K 
a13605498800,Verbert K 
a56716068400,Thacker K S 
a57203230997,Ferguson S M 
a57191031931,Brusati M 
a37098602100,Camplani A 
a56424241200,Chen H 
a6701695863,Citterio M 
a7006631262,Lazzaroni M 
a56404157200,Takai H 
a7005836251,Comer D J 
a57195596864,Sorensen S T 
a57195596391,Hopman A 
a57195598039,Petersen M 
a57195595627,Basko R 
a57195600276,Ochsner S 
a57193015007,Collins G 
a57193015157,Tuttle N J 
a57193016069,Tracy J B 
a55859152500,Wheadon J 
a24081319400,Platt B C 
a57193435113,Kruman B A 
a57193430035,Nelson M C 
a57193433048,Hoybjerg T G 
a57192660307,Tuttle S C 
a57193429691,Myers S J 
a57193431261,Cook R B 
a57192964074,Killian M 
a57193362917,Oldroyd J 
a55674595800,Rombach I 
a56390719200,Park D 
a7102503611,Pollard T 
a57190974399,Broomfield J 
a54410814200,Lee T Y 
a56716946800,Smith A 
a6506645565,Elmqvist N 
a14035040300,Boyd-Graber J 
a10040303000,Findlater L 
a55949256500,Hurd R C 
a56875349800,Speirs N B 
a36106810300,Belden J 
a56875089300,Pan Z 
a57198431633,Lovett B 
a57198450286,Robinson W 
a57198443855,Zamora M A 
a57198451372,Sharker S I 
a54911216200,Mansoor M M 
a57195332895,Merritt A 
a14822519000,Truscott T T 
a56315352000,Shumway L 
a56492379200,Wall T 
a57192307368,Davidson A D 
a57197800472,Pigg A C 
a57197797367,Curtis C P 
a56453304300,Jandron M A 
a57194875876,Tate Fanning D 
a7005666650,Bower A F 
a35186389400,Senic D 
a7406552522,Williams D F 
a7006715937,Remley K A 
a57192595504,Wang C -M 
a7101643443,Holloway C L 
a55511230900,Yang Z 
a24465414600,Palmer J 
a26644144000,Lavin C 
a55547115089,Nelson T 
a57193564939,Ahn E -Y 
a54399816500,Das H 
a55726346900,Hong S -T 
a55585953300,Han K -S 
a8935514400,Lee K -J 
a56762988100,Park J -W 
a7401969039,Han H N 
a6603040755,Red E 
a57192959498,Pedersen A 
a57192961253,Jones T 
a57197710678,Tolman S 
a57188688103,Wilson J P 
a57195420301,Bodily D M 
a7401970125,Allen T F 
a7103395611,Swift G 
a24831334500,Wong R 
a18038642000,Stone S E 
a57208709468,Garcia S E 
a57208710317,Wray K W 
a57208709846,Rowe W J 
a57170532300,Pfau K H 
a57208702517,Liu R 
a57208707588,Holden J 
a57208707585,Angeles A 
a6508147112,Willits B L 
a57208706948,Robinson K P 
a57021948900,Jafek A 
a55078951500,Bodily P M 
a57215280005,Jacobsen A J 
a6602958570,Snell Q 
a57214010282,Barrett L K 
a57189351639,Fan J 
a57194697486,Laughlin K 
a57194141209,Danforth E M 
a55376424100,Suvorov A 
a7006440923,Crandall K A 
a14057706900,Bybee S M 
a57195317234,Hurst W 
a7102534973,Parkinson A R 
a57195962821,Patrick B 
a6507659000,Helps R G 
a57195962037,Sutton M 
a57195964820,Hasler E 
a57195961036,Williams J L 
a57195964763,Irvin J J 
a57195961251,Hirt J R 
a55672496100,Ziegenfuss D H 
a35413539100,Roberts M W 
a57190806425,Fuentes D S 
a36536647200,Claussen S 
a57198919773,Martínez A 
a54787829800,Hube M A 
a56672834700,Staves D R 
a6603625990,Red W E 
a57193008289,Zhang W 
a57192816311,Renouard J 
a55550262000,Wang N 
a36167063600,Makhmalbaf A 
a55550264900,Srivastava V 
a7006420570,Hathaway J E 
a57192156100,Lorenzo G 
a36675881600,Tew K 
a35366248300,Gomez H 
a57193845336,Kleinbaum S 
a57193533805,Boettcher E 
a23983490300,Ruokolainen R 
a26323686000,Lee M -G 
a57194162490,Hammon S 
a57194158491,Zacheu G 
a35182844400,Du K 
a57217654846,Cai H 
a57192893058,Park M 
a55544941800,Alfson K J 
a7202812767,Griffiths A 
a6603907334,Carrion R 
a7103123753,Mathies R A 
a55945072200,Prince D 
a55944583700,Shen C 
a35099253600,Parent J R 
a56364369100,Qi C 
a57202367046,Li Y 
a57193409777,Badger P 
a57193401477,Yu H 
a56896749800,You Z 
a55877167500,Yan X 
a56247393100,Liu W 
a7404963860,Shi Y 
a37105487900,Xia T 
a7403361614,Dong J 
a52663627000,Huang C 
a14321763900,Du Y 
a57195340095,Mishra R K 
a57193099661,Embley J S 
a57194047820,Henrichsen A M 
a55938156500,Smith T J 
a57194061052,Maxfield J H 
a56080900100,Erickson S D 
a57196655805,Buck D C 
a15831070600,Bowman K E 
a35615891900,Jensen C G 
a12646129300,Xing C 
a36933855300,Jensen C 
a55812858700,Copeland C G 
a57203178543,Lewis R V 
a7403131979,Hamada M S 
a7103186661,Steiner S H 
a7202711709,MacKay R J 
a39862017300,Reese C S 
a57194015684,Willoughby D 
a57194006378,El-Essawi M 
a35316779800,Baskaran R 
a6508342170,Alanoly J 
a57189227384,McDonald S J 
a19639917400,Colton M B 
a57189219942,Alder C K 
a57193266780,Penner J F 
a56941526100,Eaton A N 
a56710953300,George M W 
a7005883030,Huffaker R 
a55194109800,Sun G 
a7004834766,Hewson J C 
a57192106462,Kim J -R 
a56012868500,Jeong Y -H 
a57190189579,He J 
a8372868700,Astitha M 
a55946345200,Frediani M E B 
a55574195279,Rose M A 
a56608873500,Carter V 
a56608333500,Brown J 
a7004980415,Shumway S 
a6506269903,Vermeltfoort A T 
a23134948300,Martens D R W 
a7004615647,Lourenço P B 
a23973526000,Ni R 
a56369566500,Pendlebury J 
a57193265581,McEwen B 
a24921842300,Liarte D B 
a55034648400,Posen S 
a25222495900,Catelani G 
a6601987763,Liepe M 
a7004441442,Sethna J P 
a57190000029,McCall A J 
a55953141600,Balling R J 
a51461758000,Niedfeldt P C 
a56825569600,Ingersoll K 
a7005903021,Archibald J L 
a12808778700,Ames D P 
a36240601900,Khoshniat A 
a57189030360,Yekan T 
a16027856900,Baktur R 
a35213554500,Johnson M A 
a23012861700,Noble P 
a55444802600,Rodrigues L M 
a55326050200,Ozcelik D 
a57212184217,Rahman M 
a57189292901,Duffield M O 
a36137344800,Laycock R G 
a55486520500,Fernelius M H 
a56950317400,Wilding P R 
a15521557600,Memmott M J 
a57209397116,O’Neill M 
a57212209717,Bunker D 
a57191997521,Hendershot T 
a57200659857,Richard F R Y 
a57200641848,Briscoe T 
a57117361200,Stark C G 
a57192010162,Willett K 
a57214281810,Hill J C 
a55945088000,Fletcher M E 
a57202648414,Rhamati M 
a57188753800,Richards A P 
a57202642302,Shutt T 
a57191474405,Buckmiller E 
a57191477766,Schaumann L 
a57205589719,Wang H 
a8725937600,Wisco J 
a57125618000,Nash C 
a57195419580,Rahmati M 
a57200206650,Howarth J 
a57200203866,DeYoung J 
a57200201882,Hosler T 
a57200201106,Harper C 
a57200819002,Butler M 
a57200201511,Williams T 
a57189243866,Allen J T 
a57197765649,Hirschi E 
a57195290099,Sperry R 
a57191918589,Stoddard A 
a57191921086,Gruwell A 
a57191923986,Zabriskie P 
a7004848095,Turley R S 
a57196471974,Thomas S M 
a57196475822,Willett S G 
a57196468765,Greenburg M J 
a57192318731,Perry S B 
a55660173800,McClelland H G 
a57193903292,Kang C K 
a6701876192,Woolsey C A 
a57193902758,Roberts A K 
a57193895552,Buck D 
a57193900229,Cheney T 
a57208928114,Frustaci J B 
a55354928800,Heath D 
a57195720669,Ngo K 
a57195718233,Thameem M 
a57190859038,Peterson M W 
a57203222139,Webber T 
a56156055700,Shishavan R A 
a57200576069,Sayre A 
a10540655600,Frankman D 
a36924577900,Baxter A 
a55541477400,Stitt K 
a56559677100,Ekstrom L T 
a57194576753,He J 
a57213582934,Harrington M 
a24824356000,Kochenderfer M J 
a56559765400,Fredrickson A 
a23009691800,Nicks J 
a57191416025,Mojica J L 
a57192545746,Petersen D 
a57192573362,Hansen B 
a6701925700,Jellen E N 
a56299790500,Jackson E W 
a7003959730,Maughan P J 
a57201704300,Wang Y 
a57171695300,Fry A 
a7101671848,Wendt J O L 
a57200204063,Hopkins E 
a56559548600,Holland T 
a57200200833,Billings B 
a57200207993,Roberts M 
a56748981000,Tolman S S 
a56577146500,Ma F 
a57188764210,Bai R 
a55632390400,Nevers D R 
a35489877400,Brushett F R 
a57203030537,Wheeler D R 
a56800225200,Marr K M 
a37052385600,Leake K D 
a13410345300,Gallagher H L 
a55693760600,Harker B M 
a57194853790,Cook M R 
a35578275000,McKinley R L 
a26658095100,Gonzalez-Juez E D 
a56362659400,Dasgupta A 
a57193867023,Arshad S 
a56913378600,Skousen D J 
a56086163900,Jones K N 
a57191407630,Kowalski T 
a57201909948,Tiwari R 
a35344727500,Jain P 
a35408719100,Butail S 
a55807632000,Baliyarasimhuni S P 
a57194116428,Scott E 
a55932655400,Marsh A 
a6701753933,Jüttler B 
a55722439300,Qian X 
a6507743831,Barker E I 
a8624941100,Sun X 
a57202394793,Harris R 
a56587519900,Major J 
a12797217700,Zentner L 
a6602247507,Corves B 
a25628175700,Lovasz E -C 
a57209165874,Nguyen T 
a7202842875,Shao L 
a57193807582,Bender C 
a57194008450,Wolfe D 
a57193811936,Reimschiissel B 
a26538762200,Sabau S 
a7003702751,Oara C 
a9636293200,Jadbabaie A 
a57202040530,Mancini S 
a23006267900,Parness A 
a7004002400,Chee P W 
a7202361029,Paterson A H 
a7007170899,Udall J A 
a7005725911,Wendel J F 
a56024800300,Liu L 
a57203269936,Glorieux C 
a57192908187,Ravert J 
a6603263001,Cole-Rhodes A 
a26325009000,Moazzami F 
a57200730646,Busuttil P 
a56316070300,Yuan Y 
a37057761700,Rai A 
a16053936800,Stan G -B 
a56830082600,Goncalves J 
a7401698226,Allen B L 
a8702836000,Anapalli S 
a7005306331,Blackshaw R E 
a7102554886,Lyon D J 
a35854537900,Machado S 
