chair,idCC,idC
Morgan J C ,cc0,c0
Warr R ,cc1,c1
Imran M ,cc2,c2
Hunt J P ,cc3,c3
Dornisch W ,cc4,c4
Marr K M ,cc5,c5
Zhang Y ,cc6,c6
Ban H ,cc7,c7
Freeman I ,cc8,c8
Forcade R W ,cc9,c9
Fanning D T ,cc10,c10
Camacho R M ,cc11,c11
Parate K ,cc12,c12
Pehrson N A ,cc13,c13
Yellowhorse A D ,cc14,c14
Medina J ,cc15,c15
Abraham Martin R ,cc16,c16
Leavitt J C ,cc17,c17
Bong H J ,cc18,c18
Hammond A M ,cc19,c19
Yang X ,cc20,c20
Noyce S G ,cc21,c21
Weaver J M ,cc22,c22
Pires dos Santos R ,cc23,c23
Rollins K M ,cc24,c24
Magleby S P ,cc25,c25
Zhu Y ,cc26,c26
Allen J D ,cc27,c27
Harrison C R ,cc28,c28
Bentley N L ,cc29,c29
Zephirin T ,cc30,c30
Zimmerman T K ,cc31,c31
Durdle C A ,cc32,c32
Cai H ,cc33,c33
Basko R ,cc34,c34
Allen D ,cc35,c35
Fernelius M H ,cc36,c36
Seegmiller R E ,cc37,c37
Robinson K P ,cc38,c38
Zou Z ,cc39,c39
Butler M ,cc40,c40
Chapman S C ,cc41,c41
Umer R ,cc42,c42
Ayoubi P ,cc43,c43
Davis T M ,cc44,c44
Renouard J ,cc45,c45
George A ,cc46,c46
McCown A S ,cc47,c47
Nussbaum J ,cc48,c48
Monteiro T ,cc49,c49
Seeley M K ,cc50,c50
Manyam S G ,cc51,c51
Heath Ogden T ,cc52,c52
Besendorfer J ,cc53,c53
Aarsnes U J ,cc54,c54
Watt R K ,cc55,c55
Biwer C M ,cc56,c56
Laspalas M ,cc57,c57
Villa J M ,cc58,c58
Garcia E ,cc59,c59
Liu Y ,cc60,c60
Schroedter T L ,cc61,c61
Watts-Englert J ,cc62,c62
Amini E ,cc63,c63
Yang Z ,cc64,c64
Roberts M ,cc65,c65
Snell Q ,cc66,c66
Leslie Youd T ,cc67,c67
Whiting T A ,cc68,c68
Sun C ,cc69,c69
Park J -W ,cc70,c70
Wikle J K ,cc71,c71
Orfila M ,cc72,c72
Ochsner S ,cc73,c73
Thurlow C A ,cc74,c74
Wood Chiang S -H ,cc75,c75
Salva K T ,cc76,c76
Perez L D ,cc77,c77
Longobardo A ,cc78,c78
Liu F C ,cc79,c79
Kleinbaum S ,cc80,c80
Hansen L T ,cc81,c81
Loiseau J ,cc82,c82
Lee J H ,cc83,c83
Roshi D A ,cc84,c84
Clement M J ,cc85,c85
Luk W ,cc86,c86
Hawkins L ,cc87,c87
Quick L C ,cc88,c88
Paré P E ,cc89,c89
Kurtz D ,cc90,c90
Schaumann L ,cc91,c91
Cope M ,cc92,c92
Hicks D ,cc93,c93
Manning A D ,cc94,c94
Robinson W ,cc95,c95
Huffaker R ,cc96,c96
Shoemaker G ,cc97,c97
Pastusek P ,cc98,c98
Sowards J B ,cc99,c99
Ding S ,cc100,c100
Holt E A ,cc101,c101
Yang Z ,cc102,c102
Jones T ,cc103,c103
Chrisey L A ,cc104,c104
Christensen C ,cc105,c105
Kamminga J W ,cc106,c106
Heath Ogden T ,cc107,c107
Badger J C ,cc108,c108
Micah Downing J ,cc109,c109
Taylor E ,cc110,c110
Fonseca F S ,cc111,c111
Leslie Youd T ,cc112,c112
Goodrich M A ,cc113,c113
Cowley A ,cc114,c114
Davis R C ,cc115,c115
Collins N S ,cc116,c116
Fish D ,cc117,c117
Ruoti C ,cc118,c118
Sun D ,cc119,c119
Vilela J P ,cc120,c120
Vasquez D ,cc121,c121
Pisano D J ,cc122,c122
Hu R ,cc123,c123
Wilson J P ,cc124,c124
Aarsnes U J ,cc125,c125
Rowberry H C ,cc126,c126
Prawitt D G ,cc127,c127
Jensen B ,cc128,c128
Francucci G ,cc129,c129
Dahlin E C ,cc130,c130
Hodge D ,cc131,c131
Zoltowski C B ,cc132,c132
Ames D P ,cc133,c133
Chen H ,cc134,c134
Martineau A ,cc135,c135
Gautam A ,cc136,c136
Takeuchi I ,cc137,c137
Austin D E ,cc138,c138
Youn C C ,cc139,c139
Hoybjerg T G ,cc140,c140
Lee E T ,cc141,c141
Buck D C ,cc142,c142
Vosughi A ,cc143,c143
Amoroso S ,cc144,c144
Sayre A ,cc145,c145
Popescu V ,cc146,c146
Price J L ,cc147,c147
Prugue C ,cc148,c148
Rose M T ,cc149,c149
Vermeltfoort A T ,cc150,c150
Upadhyay P ,cc151,c151
Kim D ,cc152,c152
Penaloza J ,cc153,c153
Qian Z ,cc154,c154
Weaver J M ,cc155,c155
Ning A ,cc156,c156
Borden M J ,cc157,c157
Homer E R ,cc158,c158
Yayoglu Y E ,cc159,c159
Migliaccio M ,cc160,c160
Palomba E ,cc161,c161
Hong C -F ,cc162,c162
Nybø R ,cc163,c163
Goode T ,cc164,c164
Glaab P C ,cc165,c165
Downing J M ,cc166,c166
Pettingill D ,cc167,c167
Bong H J ,cc168,c168
Whitty K J ,cc169,c169
Ignaut B ,cc170,c170
Bilancia P ,cc171,c171
Menand S ,cc172,c172
Harris A W ,cc173,c173
Wilding W V ,cc174,c174
Christie S ,cc175,c175
Ledezma C ,cc176,c176
Chen G ,cc177,c177
Nir T ,cc178,c178
Randall G C ,cc179,c179
Aslani P ,cc180,c180
Alfson K J ,cc181,c181
Jain P ,cc182,c182
Weller T M ,cc183,c183
Dallon E ,cc184,c184
Moss H ,cc185,c185
Zou Z ,cc186,c186
Howell C ,cc187,c187
Lübeck A ,cc188,c188
Yamashita G ,cc189,c189
Jones T ,cc190,c190
Vaziripour E ,cc191,c191
Temizel-Sekeryan S ,cc192,c192
Chalfant T ,cc193,c193
Ashida M ,cc194,c194
Clarke K D ,cc195,c195
Tyler J ,cc196,c196
Ames D C ,cc197,c197
Micah Downing J ,cc198,c198
Thomas D C ,cc199,c199
Erickson S D ,cc200,c200
Fletcher M ,cc201,c201
Li T ,cc202,c202
Dallon E ,cc203,c203
Liotier P -J ,cc204,c204
Toomey R ,cc205,c205
Wen S -J ,cc206,c206
Shen T -C ,cc207,c207
Retherford J ,cc208,c208
Vanfleet R ,cc209,c209
Stuedlein A ,cc210,c210
Pietrosimone B ,cc211,c211
Lee E T ,cc212,c212
Hansen L ,cc213,c213
Gruwell A ,cc214,c214
Nelson T W ,cc215,c215
Johnson C ,cc216,c216
Luna A ,cc217,c217
León C ,cc218,c218
Ernst D ,cc219,c219
Luna A ,cc220,c220
Ames D P ,cc221,c221
Brewer J ,cc222,c222
Neupane A ,cc223,c223
Ebert J ,cc224,c224
Allred D D ,cc225,c225
Middendorf P ,cc226,c226
Shumway S ,cc227,c227
Crawford D C ,cc228,c228
Desrochers C ,cc229,c229
Davis B R ,cc230,c230
Pederson J ,cc231,c231
Heath D ,cc232,c232
Levy O ,cc233,c233
Montalva G ,cc234,c234
Bender C ,cc235,c235
Camacho R M ,cc236,c236
Stewart E ,cc237,c237
Rozsa J ,cc238,c238
Smiley A J ,cc239,c239
Buie M W ,cc240,c240
Dittemore G ,cc241,c241
Woodbury N ,cc242,c242
Leavitt J C ,cc243,c243
Holbrook M D ,cc244,c244
Cobos D ,cc245,c245
Sanchez D ,cc246,c246
Metro D ,cc247,c247
Arshad S ,cc248,c248
Jellen E N ,cc249,c249
Behounek M ,cc250,c250
Abraham Martin R ,cc251,c251
Bean M ,cc252,c252
Haber J M ,cc253,c253
Amin M N ,cc254,c254
Bopp D G ,cc255,c255
Saleh A M ,cc256,c256
Moore K R ,cc257,c257
Ahmad W ,cc258,c258
Kincaid C J ,cc259,c259
Shen W ,cc260,c260
Parish W ,cc261,c261
Zeng M ,cc262,c262
Chen G ,cc263,c263
Major G H ,cc264,c264
Ashida M ,cc265,c265
Luk W ,cc266,c266
Montalva G ,cc267,c267
Huang Y -C ,cc268,c268
Mehmood R ,cc269,c269
Power R ,cc270,c270
Dittemore G ,cc271,c271
Rice W ,cc272,c272
Cowley A ,cc273,c273
Kang C K ,cc274,c274
Li X ,cc275,c275
Francis B L ,cc276,c276
Haber J M ,cc277,c277
Best C M ,cc278,c278
Sunaoshi T ,cc279,c279
Samelson R ,cc280,c280
Wendt J O L ,cc281,c281
Fung R ,cc282,c282
Rahman M ,cc283,c283
Smith R ,cc284,c284
Tolman S ,cc285,c285
Pollard T ,cc286,c286
Tate D F ,cc287,c287
Wilson P S ,cc288,c288
Horak P ,cc289,c289
McDonald J K ,cc290,c290
Behounek M ,cc291,c291
Spendlove B ,cc292,c292
Heath Ogden T ,cc293,c293
Biswas A ,cc294,c294
Zou Z ,cc295,c295
Unrau M A ,cc296,c296
Caglar H ,cc297,c297
Eapen B ,cc298,c298
Homer E R ,cc299,c299
Armknecht J ,cc300,c300
Baradoy D ,cc301,c301
Wong R ,cc302,c302
Dickinson T ,cc303,c303
Nielsen J ,cc304,c304
Murphy C ,cc305,c305
Wall A T ,cc306,c306
Chen J Y C ,cc307,c307
Reese K ,cc308,c308
Danailov M ,cc309,c309
Zadegan R M ,cc310,c310
Vaziripour E ,cc311,c311
Whitworth C B ,cc312,c312
Griffiths A ,cc313,c313
Cowley A ,cc314,c314
Lee K ,cc315,c315
Pohl M B ,cc316,c316
Samelson R ,cc317,c317
von Lockette P ,cc318,c318
Levin H S ,cc319,c319
Day N ,cc320,c320
Qaderi K ,cc321,c321
Park C -H ,cc322,c322
Olsen C R ,cc323,c323
Thomas M ,cc324,c324
Russell D N ,cc325,c325
Mosavi H ,cc326,c326
White S ,cc327,c327
Zentner L ,cc328,c328
Roychowdhury T ,cc329,c329
Vaziripour E ,cc330,c330
Hardman M A ,cc331,c331
Roberts M W ,cc332,c332
Sousa P ,cc333,c333
Oldroyd J ,cc334,c334
Fang S ,cc335,c335
Rich J T ,cc336,c336
Chatterjee S ,cc337,c337
Chang M -C F ,cc338,c338
Hosler T ,cc339,c339
Jensen T D ,cc340,c340
Pietrosimone B ,cc341,c341
Schima S ,cc342,c342
Armknecht J ,cc343,c343
Unnikrishnan V ,cc344,c344
Mosavi H ,cc345,c345
Goates C B ,cc346,c346
Smith T J ,cc347,c347
Glorieux C ,cc348,c348
Cockrell J ,cc349,c349
Aslani P ,cc350,c350
Hsieh H H ,cc351,c351
Stewart E ,cc352,c352
Rosen P F ,cc353,c353
Reimschiissel B ,cc354,c354
Hughes T J R ,cc355,c355
Shoemaker G ,cc356,c356
Hinds S R ,cc357,c357
Seat M L ,cc358,c358
Geiger D W ,cc359,c359
Knight M M ,cc360,c360
Tueller J A ,cc361,c361
Yekan T ,cc362,c362
Brodie M ,cc363,c363
Koch D P ,cc364,c364
Fernelius M H ,cc365,c365
Bean M ,cc366,c366
Ganjalizadeh V ,cc367,c367
Amare N ,cc368,c368
Desai A ,cc369,c369
Cabas A ,cc370,c370
Colton M B ,cc371,c371
Hansen B ,cc372,c372
Hayes A ,cc373,c373
Perrins E ,cc374,c374
Wood C M ,cc375,c375
Hammond A M ,cc376,c376
Wisco J ,cc377,c377
Allred D D ,cc378,c378
Bickerton S ,cc379,c379
Griffitts J ,cc380,c380
Liu J ,cc381,c381
Woods D D ,cc382,c382
Shor R ,cc383,c383
Freedman D ,cc384,c384
Chen G ,cc385,c385
Munro T ,cc386,c386
Chetty V ,cc387,c387
Kochenderfer M J ,cc388,c388
Casbeer D W ,cc389,c389
Stapleton T ,cc390,c390
Safdarnejad S M ,cc391,c391
Campbell A ,cc392,c392
Zou Z ,cc393,c393
Newton M ,cc394,c394
Ragozzine D ,cc395,c395
Cannon M J ,cc396,c396
Warnick G M ,cc397,c397
Magleby S P ,cc398,c398
