name,idJE,idJ
Stringer B J ,je0,j0
Ban H ,je1,j1
Pehrson N A ,je2,j2
Bush D B ,je3,j3
Thorum A ,je4,j4
Powell K ,je5,j5
Frazer D ,je6,j6
Day N ,je7,j7
Bauer J M ,je8,j8
Harper C ,je9,j9
Astitha M ,je10,j10
Willis J ,je11,j11
Datta B ,je12,j12
Lopes C V ,je13,j13
Prinz G S ,je14,j14
Stevens K ,je15,j15
De Berker H ,je16,j16
Bodily D M ,je17,j17
Archibald J L ,je18,j18
Xu Y ,je19,j19
Rowley R L ,je20,j20
Nelson T ,je21,j21
Libano F ,je22,j22
Bowen L ,je23,j23
Wang T ,je24,j24
Katayama I ,je25,j25
Small K A ,je26,j26
Liu B -F ,je27,j27
Steffensen S C ,je28,j28
Zhou G ,je29,j29
Hopman A ,je30,j30
Du X ,je31,j31
Ames D C ,je32,j32
Yan X ,je33,j33
Nash R ,je34,j34
Schrand A ,je35,j35
Wang K -A ,je36,j36
Wray K W ,je37,j37
Daily K ,je38,j38
Rajnarayan D ,je39,j39
Hunter I ,je40,j40
Manyam S G ,je41,j41
Linn R R ,je42,j42
Camacho J S ,je43,j43
Seamons K ,je44,j44
Doering C R ,je45,j45
Cook D D ,je46,j46
Aslani P ,je47,j47
Loiseau J ,je48,j48
Smith R ,je49,j49
Adamson M ,je50,j50
Kvavle J ,je51,j51
Smith D ,je52,j52
Lam S -H ,je53,j53
Howell C ,je54,j54
Hendershott J ,je55,j55
Watts-Englert J ,je56,j56
Neupane A ,je57,j57
Lazarz J ,je58,j58
Garcia S E ,je59,j59
Schlegel C ,je60,j60
Zhang Y ,je61,j61
Bakker G ,je62,j62
Graul R J ,je63,j63
Call M S ,je64,j64
Sunaoshi T ,je65,j65
Detournay E ,je66,j66
Zephirin T ,je67,j67
Kochenderfer M J ,je68,j68
Tejada-Martínez A ,je69,j69
Gautam A ,je70,j70
Rombach I ,je71,j71
McEwen B ,je72,j72
Clark B ,je73,j73
Chalfant T ,je74,j74
Rawlings L ,je75,j75
Mo J ,je76,j76
Pinto T ,je77,j77
Qian X ,je78,j78
Pucci M F ,je79,j79
Amare N ,je80,j80
Sgobba T ,je81,j81
Sargent B ,je82,j82
Bilodeau R A ,je83,j83
Janke D ,je84,j84
Borden M J ,je85,j85
Clark B ,je86,j86
McAlpin J T ,je87,j87
Yong A ,je88,j88
Shelley M ,je89,j89
Franks N A ,je90,j90
Catelani G ,je91,j91
Kang C K ,je92,j92
Taysom B S ,je93,j93
Davidson A D ,je94,j94
Thomas M ,je95,j95
Scott D R ,je96,j96
Mojica J L ,je97,j97
Patel D I ,je98,j98
Pohl M B ,je99,j99
Srinivasan G ,je100,j100
Guo C ,je101,j101
Alejandro A ,je102,j102
Banik J A ,je103,j103
Barton T J ,je104,j104
Cook M R ,je105,j105
Saftner D A ,je106,j106
Chu H ,je107,j107
Snell Q ,je108,j108
Seaman C H ,je109,j109
Stevenson P D ,je110,j110
Barter M ,je111,j111
Lebedev O V ,je112,j112
Hanson R ,je113,j113
Nowell M W ,je114,j114
Holloway C L ,je115,j115
Santos-Villalobos H ,je116,j116
Weber K S ,je117,j117
Levy O ,je118,j118
Mazrouei S ,je119,j119
Adams M R ,je120,j120
Louis-Kayen G P ,je121,j121
Huffaker R ,je122,j122
Monteiro T ,je123,j123
Allen J T ,je124,j124
Xue M ,je125,j125
Wanik D ,je126,j126
Payette G ,je127,j127
Colton M B ,je128,j128
Chowdhury S ,je129,j129
Schledjewski R ,je130,j130
Roy S ,je131,j131
Hanson R ,je132,j132
Lovett B ,je133,j133
Meena G G ,je134,j134
Watts-Englert J ,je135,j135
Johnson H ,je136,j136
Cardall H ,je137,j137
Johnson B I ,je138,j138
Willis J ,je139,j139
Naylor T A ,je140,j140
Stanković A M ,je141,j141
Scott D R ,je142,j142
Scott M A ,je143,j143
Smith S P ,je144,j144
Blonquist J ,je145,j145
Shayegan J ,je146,j146
Howell B ,je147,j147
Paillou P ,je148,j148
Rice M ,je149,j149
Ende J J ,je150,j150
Efimov A ,je151,j151
Chen L ,je152,j152
Tolman S S ,je153,j153
Shutt T ,je154,j154
Rodríguez E ,je155,j155
Johnson C ,je156,j156
Guo C ,je157,j157
Robles V D ,je158,j158
Thomas D C ,je159,j159
Liu M ,je160,j160
Safdarnejad S M ,je161,j161
Walton M P ,je162,j162
Puleo C ,je163,j163
Comer D J ,je164,j164
Durdle C A ,je165,j165
Ventura D ,je166,j166
Hess B C ,je167,j167
Boekweg E ,je168,j168
Bangerter N ,je169,j169
Gagakuma E ,je170,j170
Gardiner C ,je171,j171
Rendon G T ,je172,j172
Haskell M ,je173,j173
Lofthouse V ,je174,j174
Piktel E ,je175,j175
Khoshniat A ,je176,j176
Shu W ,je177,j177
Vance A ,je178,j178
Seaman C H ,je179,j179
Oettle N K ,je180,j180
McCall A J ,je181,j181
Yuan Y ,je182,j182
Oh S K ,je183,j183
Santos V J ,je184,j184
Lazarz J ,je185,j185
Du Y ,je186,j186
Perkovic-Martin D ,je187,j187
Hatch N W ,je188,j188
Dodson B ,je189,j189
Campbell B J ,je190,j190
Malmberg M A ,je191,j191
Shumway L ,je192,j192
Yekan T ,je193,j193
Murphy D ,je194,j194
Parish W ,je195,j195
York G E ,je196,j196
Drennon A M ,je197,j197
Perrenoud A ,je198,j198
Petersen M ,je199,j199
Maxfield J H ,je200,j200
Senic D ,je201,j201
Wood Chiang S -H ,je202,j202
Xu B ,je203,j203
Zhao D ,je204,j204
Cannon S ,je205,j205
Collins D H ,je206,j206
El Asmar M ,je207,j207
Stanley A P J ,je208,j208
Lu W ,je209,j209
Moore B A ,je210,j210
Hershman R ,je211,j211
Qian Z ,je212,j212
Briggs F ,je213,j213
Williams J L ,je214,j214
Sisodia S M ,je215,j215
Ekstrom L T ,je216,j216
Mishra R S ,je217,j217
Mathis T ,je218,j218
Zhang J ,je219,j219
McCabe K L ,je220,j220
Wade B S C ,je221,j221
Johnson J ,je222,j222
Gunther H ,je223,j223
Wang X ,je224,j224
Corie T H ,je225,j225
Anderson R ,je226,j226
Adidharma H ,je227,j227
Bencivenga F ,je228,j228
Gong H ,je229,j229
Villanueva I ,je230,j230
Mosavi H ,je231,j231
Oman K G ,je232,j232
Gorrell S ,je233,j233
Misha R ,je234,j234
Hales Swift S ,je235,j235
Sahawneh L R ,je236,j236
Allen J D ,je237,j237
Tamini A ,je238,j238
Wall S ,je239,j239
Herder J L ,je240,j240
Doherty J ,je241,j241
Salvatierra G ,je242,j242
Galtier M ,je243,j243
Bender C ,je244,j244
Petrie A ,je245,j245
Weaver J L ,je246,j246
Taus M ,je247,j247
Johnson H ,je248,j248
Pendlebury J ,je249,j249
Zoltowski C B ,je250,j250
Nickerl A ,je251,j251
Anderson B E ,je252,j252
McCabe K L ,je253,j253
Ferguson S M ,je254,j254
Gomes M A C ,je255,j255
Lin C -S ,je256,j256
Jensen D W ,je257,j257
Mishra R K ,je258,j258
Terry J S ,je259,j259
Zou Z ,je260,j260
Anderson S ,je261,j261
Lane S ,je262,j262
Hess B C ,je263,j263
Camacho J S ,je264,j264
Monaco P ,je265,j265
Skaggs P ,je266,j266
Whitworth C B ,je267,j267
Lomov S V ,je268,j268
Mansoor M M ,je269,j269
Dallon E ,je270,j270
Parate K ,je271,j271
Zhu Y ,je272,j272
Crockett J ,je273,j273
Gaskin J ,je274,j274
Perrinsy E ,je275,j275
Ridge S T ,je276,j276
Stone B R ,je277,j277
La A ,je278,j278
Lewis R S ,je279,j279
Glew R ,je280,j280
Campbell C ,je281,j281
Stanford N R ,je282,j282
Bowden A E ,je283,j283
Naylor T A ,je284,j284
Taysom B S ,je285,j285
Jiang Y ,je286,j286
McCall A J ,je287,j287
Ghamkhar R ,je288,j288
Peters K ,je289,j289
Stagg G G ,je290,j290
Campbell K S ,je291,j291
Herder J L ,je292,j292
Baradoy D ,je293,j293
Lay K ,je294,j294
Zaremba S ,je295,j295
Hedges D M ,je296,j296
Johnson J A ,je297,j297
Cockrell J ,je298,j298
Gardner J W ,je299,j299
McElderry J ,je300,j300
White S ,je301,j301
Nordin G P ,je302,j302
Temple K ,je303,j303
Thorum A ,je304,j304
Barrett L K ,je305,j305
Hurley D ,je306,j306
Rybkowski Z K ,je307,j307
Parsekian G A ,je308,j308
Harrison R G ,je309,j309
Wright S I ,je310,j310
Morgan W S ,je311,j311
Hart G ,je312,j312
Shrager A ,je313,j313
Bodaghi M ,je314,j314
Yan K ,je315,j315
Martens D R W ,je316,j316
Camacho R M ,je317,j317
Huang J -S ,je318,j318
Stewart E ,je319,j319
Smith T J ,je320,j320
Jensen B ,je321,j321
Orgel C ,je322,j322
Warnick K F ,je323,j323
Oettle N K ,je324,j324
Stout J M ,je325,j325
Swift G ,je326,j326
Du K ,je327,j327
Hansen K R ,je328,j328
Sitar R ,je329,j329
Butler B W ,je330,j330
Hsu C -W ,je331,j331
Wright G A ,je332,j332
List M G ,je333,j333
Nir T ,je334,j334
Ngo K ,je335,j335
Moazzami F ,je336,j336
Wheeler D R ,je337,j337
Shishavan R A ,je338,j338
Calderon J R ,je339,j339
Martinez T ,je340,j340
Cunningham A ,je341,j341
Mascarenas D ,je342,j342
Arabian F ,je343,j343
Liu F C ,je344,j344
Taus M ,je345,j345
Fuller S G ,je346,j346
Frustaci J B ,je347,j347
Forsyth J K ,je348,j348
Hastings A ,je349,j349
Richardson M ,je350,j350
Gamstedt E K ,je351,j351
Parr R ,je352,j352
Simpson T W ,je353,j353
Sarker S ,je354,j354
Kovacevic A ,je355,j355
Berg D C ,je356,j356
Peterson S ,je357,j357
Truscott T T ,je358,j358
Dong J ,je359,j359
Wamick K ,je360,j360
Chen G ,je361,j361
Scott M A ,je362,j362
Manandhar K ,je363,j363
Brink K M ,je364,j364
Petersen M ,je365,j365
Peterman R J ,je366,j366
Emanuel B ,je367,j367
Baktur R ,je368,j368
Li X ,je369,j369
Viswanathan H ,je370,j370
Searle H ,je371,j371
Camplani A ,je372,j372
Song Y ,je373,j373
Crockett J ,je374,j374
Schledjewski R ,je375,j375
Schwicht D E W ,je376,j376
Argyle M ,je377,j377
Lusvardi C ,je378,j378
Brusati M ,je379,j379
Du X ,je380,j380
Arnold B T ,je381,j381
Richey M C ,je382,j382
Anderson C R ,je383,j383
Pielstick B D ,je384,j384
Yan X ,je385,j385
Petersen D ,je386,j386
Taheri M L ,je387,j387
Shu W ,je388,j388
Bischoff M ,je389,j389
Toher C ,je390,j390
Redd B ,je391,j391
Kumar A ,je392,j392
Zou Z ,je393,j393
Kimmons R ,je394,j394
Chu H ,je395,j395
Dennis E L ,je396,j396
Aarsnes U J ,je397,j397
Bai R ,je398,j398
Wang Y ,je399,j399
Turley R S ,je400,j400
Chen H ,je401,j401
Smith A ,je402,j402
Nordin G P ,je403,j403
Baxter J S ,je404,j404
Rajwade K ,je405,j405
Wang Y ,je406,j406
Ynchausti C ,je407,j407
Schubnel R ,je408,j408
Maxfield J H ,je409,j409
Hutchings N ,je410,j410
Chahal J S ,je411,j411
Gneiting S ,je412,j412
Fry A ,je413,j413
Ernst D ,je414,j414
Bilodeau R A ,je415,j415
Tovar J L ,je416,j416
Belanger H ,je417,j417
Podryabinkin E V ,je418,j418
George M W ,je419,j419
Transtrum M K ,je420,j420
Noble P ,je421,j421
Adams B R ,je422,j422
Dasmeh A ,je423,j423
Rasmussen S ,je424,j424
Cope M ,je425,j425
Sousa P ,je426,j426
Montgomery J ,je427,j427
Erickson S D ,je428,j428
Nguyen V ,je429,j429
Vasquez D ,je430,j430
Sato Y ,je431,j431
Momtahan N ,je432,j432
Holloway C L ,je433,j433
Walker W C ,je434,j434
Ashe J ,je435,j435
Badger P ,je436,j436
Aghito M ,je437,j437
Zhou G ,je438,j438
Nir T ,je439,j439
Duffield M O ,je440,j440
Black R A ,je441,j441
Morales C ,je442,j442
Bartschi J M ,je443,j443
Park J -W ,je444,j444
Hill M ,je445,j445
Almeida N V ,je446,j446
Killian M ,je447,j447
Chee P W ,je448,j448
Plett G L ,je449,j449
Weidman J E ,je450,j450
Willits B L ,je451,j451
Cox J J ,je452,j452
O'Malley D ,je453,j453
Riding K A ,je454,j454
Taylor E ,je455,j455
Allen T D ,je456,j456
Jahanshad N ,je457,j457
Adams B R ,je458,j458
Hutchings B ,je459,j459
Whiting T A ,je460,j460
Halverson D M ,je461,j461
Blonquist J ,je462,j462
Petrie A ,je463,j463
Takai H ,je464,j464
Martin R A ,je465,j465
Liarte D B ,je466,j466
Calvopiña D G ,je467,j467
Baxter A ,je468,j468
Wilton S J E ,je469,j469
Watt R K ,je470,j470
Kendrick B ,je471,j471
Calve S ,je472,j472
Xiao M ,je473,j473
Johnson A W ,je474,j474
Wynn J S ,je475,j475
Teichert L ,je476,j476
DeYoung J ,je477,j477
Taylor A ,je478,j478
Beyzaei C ,je479,j479
Spearing S M ,je480,j480
Belanger H ,je481,j481
El Asmar M ,je482,j482
Zhang F ,je483,j483
Chen X ,je484,j484
West R E ,je485,j485
Stuedlein A ,je486,j486
Oara C ,je487,j487
Danailov M ,je488,j488
Wendel J F ,je489,j489
Girod H ,je490,j490
